,username
0,mentalityistrulyachessgod
1,adyvulcan
2,chargers839
3,xlmagnumcarlson
4,bsgchemieleipzig
5,luky05
6,max1626317
7,onlyachessplayer1
8,juliobsas
9,gm-noel
10,hondasamah
11,mijael44
12,hani98
13,hihi88
14,sherl0ck_holmess
15,asianthompson2
16,kalletaler
17,ediwastaken
18,jeffryher
19,almaz77sagdeu
20,quetzalspirit
21,gutgut05
22,b_rich318
23,spryyyy
24,ilrmdhn
25,lone_rangerr
26,azurax131
27,boy_1960
28,julserjulser
29,leonn_rdz
30,spryyyy
31,ooos
32,sparta28
33,aibeksalman
34,safronovdaniil
35,gutgut05
36,kamepi
37,rayliken
38,mijael44
39,bong1225
40,gashetta24th
41,andresnavarronz
42,hernandez75
43,ryllguaque
44,secretreigi
45,josquin7
46,misterape420
47,jdxrxd
48,pro-vita
49,andreicoolone
50,cursed_sandbagger
51,villijs78
52,babyscarface
53,silentdegre3
54,foladi129
55,kismet6
56,carldai
57,cansuozdemir42
58,venkateshdvrtelugu
59,pm-salta
60,kingyuehan
61,artiomvarvarenko
62,ahamd123123
63,cleriston53
64,yhony68
65,dehatunahan
66,giovanni6064
67,hinlog
68,ari110
69,ngocccc
70,spryyyy
71,carlos_favarve
72,alirezaghr80814
73,titeboii
74,michaelf72
75,baldanbn123
76,madisun10
77,bama3737
78,finestcoffee477
79,mireanicu
80,ericelyson
81,ayung11
82,moxtox196
83,warl0r
84,adarsh1998511
85,mirdizbih
86,usanhtun2021
87,takin33r
88,rw_69
89,dreamofreality
90,adlanscorpion
91,noorgamal27
92,minowuna
93,princ3xiv
94,dimtheod1
95,vishwasbele1
96,happyiswin
97,ruvi097
98,kamil1981
99,shagapple
100,tejasyeagerist
101,ksh0924
102,dediisaohoa
103,rusarmyhasfunnyshoes
104,srdjanstefanovic
105,juanduque97
106,bama3737
107,julitoserrao
108,jespesino
109,vikas7393
110,remizyn
111,brdadner
112,krishnakaicker04
113,cayomario
114,mr_byob
115,lael5
116,hoiiohhippie
117,yuriyshyr
118,steamboatwilly77
119,mach83
120,nickboyz
121,a1phaw
122,gingercathk
123,trs001
124,mtopcu64
125,andreu12334
126,i2_kylo
127,guricak99
128,polider1
129,adarsh1998511
130,ursancornelmarius
131,aleksandar007jamesbo
132,jaques369
133,denizibr
134,haduybach2014
135,piyushbajaj
136,grigoryesayan123
137,kalleche08lockman
138,warl0r
139,youngatheart1911
140,miss-hurricane
141,laurentiusaman
142,wolf03021971
143,mudhararob
144,xiaoxiao08
145,neelasakees
146,clinton82
147,nibrass_s
148,stefanog96
149,rollinhand
150,rusarmyhasfunnyshoes
151,jftnova
152,zelja19993795
153,deepakkumarrp
154,raffallg
155,adarsh1998511
156,dvveer
157,kravsov
158,shreekarabhatta
159,odmankosamu
160,pratik-p
161,ajdhfj
162,arruinado
163,mrperson_90
164,rogiert88
165,blindfolded_newbie
166,anton86405
167,emilianomele8
168,jjcurtis281
169,ultracroissant
170,amstr0
171,loki-san
172,samuraidojo
173,samo_napred_1
174,manu5870sha
175,wonkonedaboi
176,tejasyeagerist
177,cayomario
178,sevyarn
179,davidars03
180,bxtchquitrready
181,zowatgewonnen
182,jacknoahjack
183,batangquezon
184,luna_lanx
185,lordvoldemort1992
186,kny_pingg
187,upbeatdolphin
188,drunken_lazy_player
189,maxat425
190,sasankanagani
191,bingbong44
192,angelsu0
193,totocharlon
194,deltora121
195,mikeehxzy
196,germanuel
197,srnegro
198,mehmetsirinn
199,jenjan17
200,unrated_stark7
201,soooooosaa
202,harolds11
203,notaloverofchess
204,lovac1950n
205,shagapple
206,samo_napred_1
207,josquin7
208,neonatologistomar
209,toma1754
210,damir_2166
211,palubhai
212,lucyfer699
213,picchipola
214,gersh02
215,davidsmith145
216,dondomingue
217,cakingouing
218,serdar_senel
219,marwineguia
220,niosteel
221,kojack91
222,rkvg
223,beefbof
224,chekmatullin
225,steeplantarn
226,kyt232
227,burjan
228,gussni123
229,cm773
230,worldmasters
231,anishsharma22
232,ursancornelmarius
233,randomizer_13
234,king_mothra
235,ldg_disturbed
236,subhashmj
237,henrivdh
238,mvuk
239,ostonovbaxodir13
240,tala-tala
241,alialmarhoon1414
242,marwineguia
243,ficef
244,kingnabu
245,babis1223
246,bluelock10
247,tanyaz06
248,akshay619619
249,eirikrs
250,dagay1256
251,neculadaniel
252,thesoileater16
253,mrgwayi
254,rena-renaa
255,leonardbauercom
256,prditko89
257,peonasueldo
258,martijn055
259,water_town
260,carlosdelsur
261,panosdim27
262,jacoputz
263,jonatanmeyer
264,ryanw234
265,suspectkick
266,aft1969
267,djordtus
268,blackmackjack
269,yahyasoli01
270,magstrikesyou
271,alexbabic22
272,hm_surf
273,lespinet62
274,imi1984
275,moniquee00
276,counterfeith
277,jacoputz
278,ramandepp007
279,uyanyan2020
280,elquipodelgarras
281,kingpawnchicken
282,nmandela
283,seumme
284,gmara13
285,kjan54
286,mhmdbdwy
287,aibeksalman
288,kennetthhhhhh
289,isukveryhard
290,andrevolkmer
291,hashdizzy
292,blickling
293,morrapulerfittetryne
294,jorenz777
295,nabis2033icloudcom
296,nmfabian
297,collado02
298,gordongecko2
299,thepusher1186
300,jonkblobber
301,moniquee00
302,koumechacha
303,yurazapobedy1972
304,watermelon2222
305,0eddie0
306,fahdouch69
307,apusquisqui
308,akif_the_sivasli
309,safiullintimur
310,brick2pp
311,laptoperr
312,chm1333
313,ficef
314,sfitzer
315,andrevolkmer
316,masteroyuncu
317,alexplrm
318,ivanuvarov2002
319,kevintotolol
320,suspectkick
321,zawlatt1234
322,vicory
323,mastermindiz
324,terabaapayatera
325,excellentpond
326,airmax92
327,andrijamit
328,moniquee00
329,goodbye_friend
330,wb06
331,serdar_senel
332,marksalibaa
333,kaluznijpetr
334,divad93
335,babis1223
336,kndroxpl
337,bong1225
338,phaikham
339,qoryqpa
340,jackiechang19
341,nandopb98
342,karima75534
343,ulkhan
344,alexgamer989600
345,be_nice2everyone
346,lordsurratt
347,nazareno70
348,ongoingapollo
349,ieaturmomcat
350,fahdouch69
351,oscarito23a
352,kezzo55
353,alfiere1234
354,oniembojoaju
355,rozopyzek
356,kebab5000
357,tiagoartic
358,itss_angel
359,lopesz7
360,killa_bk
361,mintyyymika
362,professor_pardal
363,henrikvibran
364,petrusfiatvoluntastua
365,disterrr
366,santosusua07
367,ti25b
368,martingonzalo
369,miserjay
370,franx77
371,panamasterpty
372,kirecar
373,hvweert
374,panda1950
375,sicula2846
376,chesslegolas
377,bobomabra
378,giffelkongenewr32
379,bama3737
380,ti25b
381,monilshah11
382,neculadaniel
383,vapecaper
384,ibrahim2000x
385,sero21km
386,alfil64
387,d_artagnan_20230124
388,kaiservt8
389,skylinegt
390,desuqiehadze
391,fuatcafarov
392,fatalitydotwin
393,k0ustav
394,paulorestrepo
395,zenonrock
396,chernyyyxa
397,supermontro22
398,muratcavuso1
399,savvkin
400,gmsyntax
401,ruthless_ruslan
402,deluxify
403,andrej20002
404,thorschulte-starcher
405,jb60120
406,jonahmarley420
407,erikschere
408,giaroc
409,valardohaeris0999
410,dragancolic10
411,fedeking1
412,osvaldosan
413,maraclkp
414,yefimnosa
415,zeko2512
416,shinymarill
417,chessdestiny2030
418,moortruth
419,herbak19
420,thiagoobr
421,teamopreacher
422,voidddddddddddd
423,chrisyuh27
424,haidukul
425,koszi_otf
426,jataman22
427,ajmigs88
428,emre5361
429,milfhunter1x
430,max3370
431,gorillazmkd
432,bahgatsami72
433,globalman2024
434,db982
435,jorgecostanzo
436,virasion
437,sashahey
438,kvm197
439,for_fun_091
440,r2d2and3cpo
441,monkey
442,supermontro22
443,alek0837
444,gordongecko2
445,newtreeno
446,rolandojavierayala
447,lorena1803
448,polly230969
449,totaler_hirntot
450,getqueenedonlooser
451,supermontro22
452,dylanhoward
453,egyptiansniper099
454,grandlearner1
455,woohooman77
456,canelax2
457,greyskull13
458,giuseppemorelli
459,quico02
460,gennaro17
461,sgingues
462,kirillgreen
463,erickbest11
464,leon222132
465,flowercat123
466,thesage1izin
467,zainab9981
468,gopro49
469,jhon204
470,chrisbreey
471,icarogurski
472,luisbermude123
473,mmathaesh
474,corbincleghorn
